<configs>

<set xpath="/spawning/biome/spawn[contains(@entitygroup, 'npcHarleyGroup')][@maxcount='1']/@maxcount">0</set>
<set xpath="/spawning/biome/spawn[contains(@entitygroup, 'npcFriendlyCoreGroup')][@maxcount='1']/@maxcount">0</set>

	<append xpath="/spawning/biome[@name='pine_forest']">
		<spawn id="opt01" maxcount="1" respawndelay="1" time="Any" entitygroup="npcAnimalsAny" notags="commercial,industrial,downtown"/>
		<spawn id="opt02" maxcount="1" respawndelay="1" time="Any" entitygroup="npcAnimalsAny" tags="commercial,industrial" notags="downtown"/>
		<spawn id="opt03" maxcount="1" respawndelay="1" time="Any" entitygroup="npcAnimalsAny" tags="downtown"/>
	</append>
	
	<append xpath="/spawning/biome[@name='burnt_forest']">
		<spawn id="opt01" maxcount="1" respawndelay="1" time="Any" entitygroup="npcAnimalsAny" notags="commercial,industrial,downtown"/>
		<spawn id="opt02" maxcount="1" respawndelay="1" time="Any" entitygroup="npcAnimalsAny" tags="commercial,industrial" notags="downtown"/>
		<spawn id="opt03" maxcount="1" respawndelay="1" time="Any" entitygroup="npcAnimalsAny" tags="downtown"/>
	</append>
	
	<append xpath="/spawning/biome[@name='desert']">
		<spawn id="opt01" maxcount="1" respawndelay="1" time="Any" entitygroup="npcAnimalsAny" notags="commercial,industrial,downtown"/>
		<spawn id="opt02" maxcount="1" respawndelay="1" time="Any" entitygroup="npcAnimalsAny" tags="commercial,industrial" notags="downtown"/>
		<spawn id="opt03" maxcount="1" respawndelay="1" time="Any" entitygroup="npcAnimalsAny" tags="downtown"/>
	</append>	
	
	<append xpath="/spawning/biome[@name='snow']">
		<spawn id="opt01" maxcount="1" respawndelay="1" time="Any" entitygroup="npcAnimalsAny" notags="commercial,industrial,downtown"/>
		<spawn id="opt02" maxcount="1" respawndelay="1" time="Any" entitygroup="npcAnimalsAny" tags="commercial,industrial" notags="downtown"/>
		<spawn id="opt03" maxcount="1" respawndelay="1" time="Any" entitygroup="npcAnimalsAny" tags="downtown"/>
	</append>	
	
	<append xpath="/spawning/biome[@name='wasteland']">
		<spawn id="opt01" maxcount="1" respawndelay="1" time="Any" entitygroup="npcAnimalsAny" notags="commercial,industrial,downtown"/>
		<spawn id="opt02" maxcount="1" respawndelay="1" time="Any" entitygroup="npcAnimalsAny" tags="commercial,industrial" notags="downtown"/>
		<spawn id="opt03" maxcount="1" respawndelay="1" time="Any" entitygroup="npcAnimalsAny" tags="downtown"/>
	</append>
	
</configs>