<configs>

	<append xpath="/spawning/biome[@name='pine_forest']">
		<spawn id="nmXEnemyGroupGS01" maxcount="1" respawndelay="2" time="Night" entitygroup="XMechEnemyGroupGS01" notags="downtown" />
	</append>
	
	<append xpath="/spawning/biome[@name='burnt_forest']">
		<spawn id="dmXEnemyGroupGS01" maxcount="1" respawndelay="2" time="Day" entitygroup="XMechEnemyGroupGS01" notags="downtown" />
		<spawn id="nmXEnemyGroupGS50" maxcount="1" respawndelay="1" time="Night" entitygroup="XMechEnemyGroupGS50" notags="downtown" />
		<spawn id="amXMechCompanion" maxcount="1" respawndelay="3" time="Any" entitygroup="XMechCompanion" notags="downtown" />
	</append>
	
	<append xpath="/spawning/biome[@name='desert']">
		<spawn id="dmXEnemyGroupGS50" maxcount="1" respawndelay="2" time="Day" entitygroup="XMechEnemyGroupGS50" notags="downtown" />
		<spawn id="nmXEnemyGroupGS50" maxcount="1" respawndelay="1" time="Night" entitygroup="XMechEnemyGroupGS50" notags="downtown" />
	</append>	
	
	<append xpath="/spawning/biome[@name='snow']">
		<spawn id="dmXEnemyGroupGS50" maxcount="10" respawndelay="1" time="Day" entitygroup="XMechEnemyGroupGS50" notags="downtown" />
		<spawn id="nmXEnemyGroupGS100" maxcount="1" respawndelay="1" time="Night" entitygroup="XMechEnemyGroupGS100" notags="downtown" />
	</append>	
	
	<append xpath="/spawning/biome[@name='wasteland']">
		<spawn id="dmXEnemyGroupGS100" maxcount="2" respawndelay="1" time="Day" entitygroup="XMechEnemyGroupGS100" notags="downtown" />
		<spawn id="nmXEnemyGroupGS100" maxcount="3" respawndelay="1" time="Night" entitygroup="XMechEnemyGroupGS100" notags="downtown" />
		<spawn id="amXMechCompanion" maxcount="1" respawndelay="3" time="Any" entitygroup="XMechCompanion" notags="downtown" />
	</append>	
	
</configs>