﻿<configs>

 <set xpath="/blocks/block[@name='ConfigFeatureBlock']/property[@class='AdvancedNPCFeatures']/property[@name='AllEntitiesUseFactionTargeting']/@value">true</set>	
 
 <!-- <append xpath="/blocks/block[@name='treeMaster']">
	<property name="Path" value="solid"/> 
</append>  --> <!-- marking this solid will prevent characters from seeing trees as something you can path through.  NPCs will now go around, zed the same unless there is no valid path then will breakblock  -->
 

 <append xpath="/blocks" >
    <!-- This block will serve as a home location for the NPCs.-->
    <!-- The Maslow will scan for the home block -->
    <block name="cntNPCHomeBlock">
      <property name="Class" value="Loot"/>
      <property name="CreativeMode" value="None"/>
      <property name="Material" value="Mmetal_weak"/>
      <property name="MaxDamage" value="200" />
      <property name="Texture" value="267"/>
      <property name="Shape" value="ModelEntity"/>
      <property name="Path" value="solid"/>
	  <property name="Model" value="Entities/Industrial/boxCardboard3Prefab"/>
      <property name="Place" value="TowardsPlacerInverted"/>
      <property name="LootList" value="1"/>
      <property class="RepairItems">
        <property name="resourceForgedIron" value="6"/>
      </property>
      <drop event="Harvest" name="resourceScrapIron" count="10,20" tag="allHarvest"/>
      <drop event="Destroy" count="0"/>
      <drop event="Fall" name="scrapMetalPile" count="1" prob="0.75" stick_chance="1"/>
      <property name="EconomicValue" value="156"/>
      <property name="FilterTags" value="floot,ffurniture"/>

      <!-- Buff to keep the NPCs close by. thenumber in the ( ) is the range -->
      <property name="ActiveRadiusEffects" value="buffHomePoint(30)"/>
    </block>

    <block name="NPCPoop">
      <property name="Material" value="Mdirt"/>
	  <property name="CreativeMode" value="None"/>
      <property name="Shape" value="Terrain"/>
      <property name="Mesh" value="terrain"/>
      <property name="Texture" value="2"/>
      <property name="ImposterExclude" value="true"/>
      <property name="LPHardnessScale" value="2"/>
      <property name="Map.Color" value="20,50,21"/>
      <property class="RepairItems">
        <property name="animalPoop" value="1"/>
      </property>
  
      <drop event="Harvest" name="resourceClayLump" count="22" tag="oreWoodHarvest"/>
      <drop event="Destroy" count="0"/>
    
      <property name="CanMobsSpawnOn" value="false"/>
      <property name="EconomicValue" value="5"/>
      <property name="EconomicBundleSize" value="1"/>
      <property name="SellableToTrader" value="false"/>
      <property name="FilterTags" value="fterrain"/>
      <property name="SortOrder1" value="d0k0"/>
      <property name="SortOrder2" value="0050"/>
      <property name="DisplayType" value="blockTerrainFertile" />
    </block>
	
	<!-- Example xml for spawning in a NPC with an order and weapon -->
	
	<block name="SpawnCubeNurseX">
		<property name="CreativeMode" value="Player"/>
		<property name="Extends" value="SpawnCube"/> <!-- loads from SCore mod  -->
		<property name="Class" value="SpawnCube2SDX, SCore" />
		<property name="Config" value="ec=npcNurseClub;buff=buffOrderStay;pc=0" />
		<property name="Model" value="#@modfolder:Resources/XythNPCs.unity3d?NurseNancySpawnBlock_X"/>
		<property name="ModelOffset" value="0,0,0"/>
	</block>
	</append>

</configs>